,EPOD Name,Customer Location City,Actual Date,KM Travelled for Session
0,EPOD012,Gurugram,2023-05-01,42
1,EPOD001,Noida,2023-05-01,0
2,EPOD002,Noida,2023-05-01,48
3,EPOD003,Noida,2023-05-01,8
4,EPOD004,Noida,2023-05-01,47
5,EPOD005,Gurugram,2023-05-01,62
6,EPOD006,Delhi,2023-05-01,0
7,EPOD007,Delhi,2023-05-01,20
8,EPOD008,Noida,2023-05-01,34
9,EPOD009,Gurugram,2023-05-01,15
10,EPOD010,Gurugram,2023-05-01,100
11,EPOD011,Gurugram,2023-05-01,85
12,EPOD012,Gurugram,2023-05-02,117
13,EPOD001,Noida,2023-05-02,0
14,EPOD002,Noida,2023-05-02,29
15,EPOD003,Noida,2023-05-02,48
16,EPOD004,Noida,2023-05-02,103
17,EPOD005,Gurugram,2023-05-02,54
18,EPOD006,Delhi,2023-05-02,21
19,EPOD007,Delhi,2023-05-02,55
20,EPOD008,Noida,2023-05-02,14
21,EPOD009,Gurugram,2023-05-02,23
22,EPOD010,Gurugram,2023-05-02,44
23,EPOD011,Gurugram,2023-05-02,65
24,EPOD012,Gurugram,2023-05-03,36
25,EPOD001,Noida,2023-05-03,22
26,EPOD002,Noida,2023-05-03,62
27,EPOD003,Noida,2023-05-03,39
28,EPOD004,Noida,2023-05-03,73
29,EPOD005,Gurugram,2023-05-03,52
30,EPOD006,Delhi,2023-05-03,109
31,EPOD007,Delhi,2023-05-03,158
32,EPOD008,Noida,2023-05-03,0
33,EPOD009,Gurugram,2023-05-03,59
34,EPOD010,Gurugram,2023-05-03,6
35,EPOD011,Gurugram,2023-05-03,66
36,EPOD012,Gurugram,2023-05-04,32
37,EPOD001,Noida,2023-05-04,24
38,EPOD002,Noida,2023-05-04,26
39,EPOD003,Noida,2023-05-04,72
40,EPOD004,Noida,2023-05-04,30
41,EPOD005,Gurugram,2023-05-04,75
42,EPOD006,Delhi,2023-05-04,0
43,EPOD007,Delhi,2023-05-04,49
44,EPOD008,Noida,2023-05-04,22
45,EPOD009,Gurugram,2023-05-04,0
46,EPOD010,Gurugram,2023-05-04,30
47,EPOD011,Gurugram,2023-05-04,39
48,EPOD012,Gurugram,2023-05-05,80
49,EPOD001,Noida,2023-05-05,0
50,EPOD002,Noida,2023-05-05,55
51,EPOD003,Noida,2023-05-05,0
52,EPOD004,Noida,2023-05-05,5
53,EPOD005,Gurugram,2023-05-05,146
54,EPOD006,Delhi,2023-05-05,85
55,EPOD007,Delhi,2023-05-05,71
56,EPOD008,Noida,2023-05-05,0
57,EPOD009,Gurugram,2023-05-05,83
58,EPOD010,Gurugram,2023-05-05,76
59,EPOD011,Gurugram,2023-05-05,44
60,EPOD012,Gurugram,2023-05-06,15
61,EPOD001,Noida,2023-05-06,0
62,EPOD002,Noida,2023-05-06,116
63,EPOD003,Noida,2023-05-06,46
64,EPOD004,Noida,2023-05-06,30
65,EPOD005,Gurugram,2023-05-06,60
66,EPOD006,Delhi,2023-05-06,30
67,EPOD007,Delhi,2023-05-06,30
68,EPOD008,Noida,2023-05-06,0
69,EPOD009,Gurugram,2023-05-06,40
70,EPOD010,Gurugram,2023-05-06,73
71,EPOD011,Gurugram,2023-05-06,51
72,EPOD012,Gurugram,2023-05-07,36
73,EPOD001,Noida,2023-05-07,0
74,EPOD002,Noida,2023-05-07,21
75,EPOD003,Noida,2023-05-07,60
76,EPOD004,Noida,2023-05-07,113
77,EPOD005,Gurugram,2023-05-07,47
78,EPOD006,Delhi,2023-05-07,45
79,EPOD007,Delhi,2023-05-07,71
80,EPOD008,Noida,2023-05-07,0
81,EPOD009,Gurugram,2023-05-07,75
82,EPOD010,Gurugram,2023-05-07,42
83,EPOD011,Gurugram,2023-05-07,50
84,EPOD012,Gurugram,2023-05-08,29
85,EPOD001,Noida,2023-05-08,5
86,EPOD002,Noida,2023-05-08,28
87,EPOD003,Noida,2023-05-08,63
88,EPOD004,Noida,2023-05-08,51
89,EPOD005,Gurugram,2023-05-08,39
90,EPOD006,Delhi,2023-05-08,18
91,EPOD007,Delhi,2023-05-08,140
92,EPOD008,Noida,2023-05-08,70
93,EPOD009,Gurugram,2023-05-08,61
94,EPOD010,Gurugram,2023-05-08,43
95,EPOD011,Gurugram,2023-05-08,55
96,EPOD012,Gurugram,2023-05-09,78
97,EPOD001,Noida,2023-05-09,0
98,EPOD002,Noida,2023-05-09,0
99,EPOD003,Noida,2023-05-09,0
100,EPOD004,Noida,2023-05-09,51
101,EPOD005,Gurugram,2023-05-09,45
102,EPOD006,Delhi,2023-05-09,0
103,EPOD007,Delhi,2023-05-09,31
104,EPOD008,Noida,2023-05-09,69
105,EPOD009,Gurugram,2023-05-09,65
106,EPOD010,Gurugram,2023-05-09,103
107,EPOD011,Gurugram,2023-05-09,41
108,EPOD012,Gurugram,2023-05-10,41
109,EPOD001,Noida,2023-05-10,19
110,EPOD002,Noida,2023-05-10,0
111,EPOD003,Noida,2023-05-10,55
112,EPOD004,Noida,2023-05-10,49
113,EPOD005,Gurugram,2023-05-10,28
114,EPOD006,Delhi,2023-05-10,45
115,EPOD007,Delhi,2023-05-10,91
116,EPOD008,Noida,2023-05-10,131
117,EPOD009,Gurugram,2023-05-10,24
118,EPOD010,Gurugram,2023-05-10,59
119,EPOD011,Gurugram,2023-05-10,109
120,EPOD012,Gurugram,2023-05-11,59
121,EPOD001,Noida,2023-05-11,0
122,EPOD002,Noida,2023-05-11,35
123,EPOD003,Noida,2023-05-11,58
124,EPOD004,Noida,2023-05-11,69
125,EPOD005,Gurugram,2023-05-11,85
126,EPOD006,Delhi,2023-05-11,17
127,EPOD007,Delhi,2023-05-11,48
128,EPOD008,Noida,2023-05-11,94
129,EPOD009,Gurugram,2023-05-11,74
130,EPOD010,Gurugram,2023-05-11,42
131,EPOD011,Gurugram,2023-05-11,0
132,EPOD012,Gurugram,2023-05-12,61
133,EPOD001,Noida,2023-05-12,0
134,EPOD002,Noida,2023-05-12,12
135,EPOD003,Noida,2023-05-12,56
136,EPOD004,Noida,2023-05-12,8
137,EPOD005,Gurugram,2023-05-12,26
138,EPOD006,Delhi,2023-05-12,0
139,EPOD007,Delhi,2023-05-12,105
140,EPOD008,Noida,2023-05-12,54
141,EPOD009,Gurugram,2023-05-12,40
142,EPOD010,Gurugram,2023-05-12,69
143,EPOD011,Gurugram,2023-05-12,25
144,EPOD012,Gurugram,2023-05-13,82
145,EPOD001,Noida,2023-05-13,0
146,EPOD002,Noida,2023-05-13,39
147,EPOD003,Noida,2023-05-13,26
148,EPOD004,Noida,2023-05-13,36
149,EPOD005,Gurugram,2023-05-13,73
150,EPOD006,Delhi,2023-05-13,0
151,EPOD007,Delhi,2023-05-13,89
152,EPOD008,Noida,2023-05-13,84
153,EPOD009,Gurugram,2023-05-13,44
154,EPOD010,Gurugram,2023-05-13,45
155,EPOD011,Gurugram,2023-05-13,32
156,EPOD012,Gurugram,2023-05-14,55
157,EPOD001,Noida,2023-05-14,0
158,EPOD002,Noida,2023-05-14,91
159,EPOD003,Noida,2023-05-14,0
160,EPOD004,Noida,2023-05-14,66
161,EPOD005,Gurugram,2023-05-14,25
162,EPOD006,Delhi,2023-05-14,0
163,EPOD007,Delhi,2023-05-14,18
164,EPOD008,Noida,2023-05-14,58
165,EPOD009,Gurugram,2023-05-14,41
166,EPOD010,Gurugram,2023-05-14,71
167,EPOD011,Gurugram,2023-05-14,33
168,EPOD012,Gurugram,2023-05-15,42
169,EPOD001,Noida,2023-05-15,0
170,EPOD002,Noida,2023-05-15,43
171,EPOD003,Noida,2023-05-15,8
172,EPOD004,Noida,2023-05-15,26
173,EPOD005,Gurugram,2023-05-15,239
174,EPOD006,Delhi,2023-05-15,42
175,EPOD007,Delhi,2023-05-15,32
176,EPOD008,Noida,2023-05-15,66
177,EPOD009,Gurugram,2023-05-15,59
178,EPOD010,Gurugram,2023-05-15,64
179,EPOD011,Gurugram,2023-05-15,32
180,EPOD012,Gurugram,2023-05-16,172
181,EPOD001,Noida,2023-05-16,0
182,EPOD002,Noida,2023-05-16,62
183,EPOD003,Noida,2023-05-16,26
184,EPOD004,Noida,2023-05-16,34
185,EPOD005,Gurugram,2023-05-16,64
186,EPOD006,Delhi,2023-05-16,23
187,EPOD007,Delhi,2023-05-16,58
188,EPOD008,Noida,2023-05-16,45
189,EPOD009,Gurugram,2023-05-16,11
190,EPOD010,Gurugram,2023-05-16,62
191,EPOD011,Gurugram,2023-05-16,47
192,EPOD012,Gurugram,2023-05-17,19
193,EPOD001,Noida,2023-05-17,0
194,EPOD002,Noida,2023-05-17,15
195,EPOD003,Noida,2023-05-17,32
196,EPOD004,Noida,2023-05-17,68
197,EPOD005,Gurugram,2023-05-17,25
198,EPOD006,Delhi,2023-05-17,0
199,EPOD007,Delhi,2023-05-17,73
200,EPOD008,Noida,2023-05-17,86
201,EPOD009,Gurugram,2023-05-17,69
202,EPOD010,Gurugram,2023-05-17,59
203,EPOD011,Gurugram,2023-05-17,52
204,EPOD012,Gurugram,2023-05-18,36
205,EPOD001,Noida,2023-05-18,18
206,EPOD002,Noida,2023-05-18,15
207,EPOD003,Noida,2023-05-18,64
208,EPOD004,Noida,2023-05-18,55
209,EPOD005,Gurugram,2023-05-18,36
210,EPOD006,Delhi,2023-05-18,22
211,EPOD007,Delhi,2023-05-18,81
212,EPOD008,Noida,2023-05-18,33
213,EPOD009,Gurugram,2023-05-18,60
214,EPOD010,Gurugram,2023-05-18,135
215,EPOD011,Gurugram,2023-05-18,58
216,EPOD012,Gurugram,2023-05-19,13
217,EPOD001,Noida,2023-05-19,22
218,EPOD002,Noida,2023-05-19,32
219,EPOD003,Noida,2023-05-19,0
220,EPOD004,Noida,2023-05-19,41
221,EPOD005,Gurugram,2023-05-19,37
222,EPOD006,Delhi,2023-05-19,31
223,EPOD007,Delhi,2023-05-19,35
224,EPOD008,Noida,2023-05-19,68
225,EPOD009,Gurugram,2023-05-19,56
226,EPOD010,Gurugram,2023-05-19,32
227,EPOD011,Gurugram,2023-05-19,233
228,EPOD012,Gurugram,2023-05-20,530
229,EPOD001,Noida,2023-05-20,10
230,EPOD002,Noida,2023-05-20,47
231,EPOD003,Noida,2023-05-20,97
232,EPOD004,Noida,2023-05-20,47
233,EPOD005,Gurugram,2023-05-20,15
234,EPOD006,Delhi,2023-05-20,63
235,EPOD007,Delhi,2023-05-20,40
236,EPOD008,Noida,2023-05-20,25
237,EPOD009,Gurugram,2023-05-20,58
238,EPOD010,Gurugram,2023-05-20,123
239,EPOD011,Gurugram,2023-05-20,70
240,EPOD012,Gurugram,2023-05-21,148
241,EPOD001,Noida,2023-05-21,0
242,EPOD002,Noida,2023-05-21,32
243,EPOD003,Noida,2023-05-21,27
244,EPOD004,Noida,2023-05-21,42
245,EPOD005,Gurugram,2023-05-21,68
246,EPOD006,Delhi,2023-05-21,16
247,EPOD007,Delhi,2023-05-21,0
248,EPOD008,Noida,2023-05-21,29
249,EPOD009,Gurugram,2023-05-21,39
250,EPOD010,Gurugram,2023-05-21,62
251,EPOD011,Gurugram,2023-05-21,68
252,EPOD012,Gurugram,2023-05-22,45
253,EPOD001,Noida,2023-05-22,0
254,EPOD002,Noida,2023-05-22,19
255,EPOD003,Noida,2023-05-22,114
256,EPOD004,Noida,2023-05-22,31
257,EPOD005,Gurugram,2023-05-22,53
258,EPOD006,Delhi,2023-05-22,0
259,EPOD007,Delhi,2023-05-22,58
260,EPOD008,Noida,2023-05-22,45
261,EPOD009,Gurugram,2023-05-22,65
262,EPOD010,Gurugram,2023-05-22,114
263,EPOD011,Gurugram,2023-05-22,7
264,EPOD012,Gurugram,2023-05-23,72
265,EPOD001,Noida,2023-05-23,0
266,EPOD002,Noida,2023-05-23,0
267,EPOD003,Noida,2023-05-23,32
268,EPOD004,Noida,2023-05-23,68
269,EPOD005,Gurugram,2023-05-23,49
270,EPOD006,Delhi,2023-05-23,15
271,EPOD007,Delhi,2023-05-23,56
272,EPOD008,Noida,2023-05-23,54
273,EPOD009,Gurugram,2023-05-23,100
274,EPOD010,Gurugram,2023-05-23,31
275,EPOD011,Gurugram,2023-05-23,52
276,EPOD012,Gurugram,2023-05-24,33
277,EPOD001,Noida,2023-05-24,43
278,EPOD002,Noida,2023-05-24,0
279,EPOD003,Noida,2023-05-24,20
280,EPOD004,Noida,2023-05-24,99
281,EPOD005,Gurugram,2023-05-24,67
282,EPOD006,Delhi,2023-05-24,14
283,EPOD007,Delhi,2023-05-24,39
284,EPOD008,Noida,2023-05-24,57
285,EPOD009,Gurugram,2023-05-24,61
286,EPOD010,Gurugram,2023-05-24,79
287,EPOD011,Gurugram,2023-05-24,55
288,EPOD012,Gurugram,2023-05-25,57
289,EPOD001,Noida,2023-05-25,48
290,EPOD002,Noida,2023-05-25,0
291,EPOD003,Noida,2023-05-25,27
292,EPOD004,Noida,2023-05-25,23
293,EPOD005,Gurugram,2023-05-25,72
294,EPOD006,Delhi,2023-05-25,0
295,EPOD007,Delhi,2023-05-25,45
296,EPOD008,Noida,2023-05-25,36
297,EPOD009,Gurugram,2023-05-25,74
298,EPOD010,Gurugram,2023-05-25,16
299,EPOD011,Gurugram,2023-05-25,109
300,EPOD012,Gurugram,2023-05-26,51
301,EPOD001,Noida,2023-05-26,0
302,EPOD002,Noida,2023-05-26,15
303,EPOD003,Noida,2023-05-26,19
304,EPOD004,Noida,2023-05-26,50
305,EPOD005,Gurugram,2023-05-26,67
306,EPOD006,Delhi,2023-05-26,14
307,EPOD007,Delhi,2023-05-26,17
308,EPOD008,Noida,2023-05-26,0
309,EPOD009,Gurugram,2023-05-26,18
310,EPOD010,Gurugram,2023-05-26,56
311,EPOD011,Gurugram,2023-05-26,32
312,EPOD012,Gurugram,2023-05-27,55
313,EPOD001,Noida,2023-05-27,0
314,EPOD002,Noida,2023-05-27,15
315,EPOD003,Noida,2023-05-27,34
316,EPOD004,Noida,2023-05-27,67
317,EPOD005,Gurugram,2023-05-27,38
318,EPOD006,Delhi,2023-05-27,11
319,EPOD007,Delhi,2023-05-27,44
320,EPOD008,Noida,2023-05-27,72
321,EPOD009,Gurugram,2023-05-27,77
322,EPOD010,Gurugram,2023-05-27,29
323,EPOD011,Gurugram,2023-05-27,49
324,EPOD012,Gurugram,2023-05-28,31
325,EPOD001,Noida,2023-05-28,50
326,EPOD002,Noida,2023-05-28,0
327,EPOD003,Noida,2023-05-28,49
328,EPOD004,Noida,2023-05-28,74
329,EPOD005,Gurugram,2023-05-28,42
330,EPOD006,Delhi,2023-05-28,37
331,EPOD007,Delhi,2023-05-28,55
332,EPOD008,Noida,2023-05-28,31
333,EPOD009,Gurugram,2023-05-28,53
334,EPOD010,Gurugram,2023-05-28,34
335,EPOD011,Gurugram,2023-05-28,14
336,EPOD012,Gurugram,2023-05-29,0
337,EPOD001,Noida,2023-05-29,65
338,EPOD002,Noida,2023-05-29,12
339,EPOD003,Noida,2023-05-29,104
340,EPOD004,Noida,2023-05-29,16
341,EPOD005,Gurugram,2023-05-29,47
342,EPOD006,Delhi,2023-05-29,25
343,EPOD007,Delhi,2023-05-29,60
344,EPOD008,Noida,2023-05-29,47
345,EPOD009,Gurugram,2023-05-29,45
346,EPOD010,Gurugram,2023-05-29,56
347,EPOD011,Gurugram,2023-05-29,42
348,EPOD012,Gurugram,2023-05-30,0
349,EPOD001,Noida,2023-05-30,49
350,EPOD002,Noida,2023-05-30,34
351,EPOD003,Noida,2023-05-30,26
352,EPOD004,Noida,2023-05-30,16
353,EPOD005,Gurugram,2023-05-30,36
354,EPOD006,Delhi,2023-05-30,39
355,EPOD007,Delhi,2023-05-30,166
356,EPOD008,Noida,2023-05-30,73
357,EPOD009,Gurugram,2023-05-30,65
358,EPOD010,Gurugram,2023-05-30,58
359,EPOD011,Gurugram,2023-05-30,52
360,EPOD012,Gurugram,2023-05-31,0
361,EPOD001,Noida,2023-05-31,99
362,EPOD002,Noida,2023-05-31,0
363,EPOD003,Noida,2023-05-31,0
364,EPOD004,Noida,2023-05-31,0
365,EPOD005,Gurugram,2023-05-31,15
366,EPOD006,Delhi,2023-05-31,39
367,EPOD007,Delhi,2023-05-31,37
368,EPOD008,Noida,2023-05-31,68
369,EPOD009,Gurugram,2023-05-31,80
370,EPOD010,Gurugram,2023-05-31,104
371,EPOD011,Gurugram,2023-05-31,18
372,EPOD001,Noida,2023-06-01,203.95
373,EPOD002,Noida,2023-06-01,25.24
374,EPOD003,Noida,2023-06-01,126.03
375,EPOD004,Noida,2023-06-01,152.37
376,EPOD005,Gurugram,2023-06-01,132.86
377,EPOD006,Delhi,2023-06-01,269.07
378,EPOD007,Delhi,2023-06-01,223.55
379,EPOD008,Noida,2023-06-01,160.84
380,EPOD009,Gurugram,2023-06-01,202.87
381,EPOD010,Gurugram,2023-06-01,131.76
382,EPOD011,Gurugram,2023-06-01,117
383,EPOD012,Gurugram,2023-06-01,3.05
386,EPOD001,Noida,2023-06-02,133.18
387,EPOD002,Noida,2023-06-02,19.5
388,EPOD003,Noida,2023-06-02,113.36
389,EPOD004,Noida,2023-06-02,195.61
390,EPOD005,Gurugram,2023-06-02,112.22
391,EPOD006,Delhi,2023-06-02,193.74
392,EPOD007,Delhi,2023-06-02,104.87
393,EPOD008,Noida,2023-06-02,148.18
394,EPOD009,Gurugram,2023-06-02,95.33
395,EPOD010,Gurugram,2023-06-02,82.44
396,EPOD011,Gurugram,2023-06-02,129.78
397,EPOD012,Gurugram,2023-06-02,0
400,EPOD001,Noida,2023-06-03,142.4
401,EPOD002,Noida,2023-06-03,100.12
402,EPOD003,Noida,2023-06-03,180.19
403,EPOD004,Noida,2023-06-03,171.69
404,EPOD005,Gurugram,2023-06-03,154.05
405,EPOD006,Delhi,2023-06-03,149.33
406,EPOD007,Delhi,2023-06-03,135.05
407,EPOD008,Noida,2023-06-03,63.88
408,EPOD009,Gurugram,2023-06-03,140.48
409,EPOD010,Gurugram,2023-06-03,81.14
410,EPOD011,Gurugram,2023-06-03,143.15
411,EPOD012,Gurugram,2023-06-03,0
414,EPOD001,Noida,2023-06-04,167.18
415,EPOD002,Noida,2023-06-04,52.75
416,EPOD003,Noida,2023-06-04,79.75
417,EPOD004,Noida,2023-06-04,308.88
418,EPOD005,Gurugram,2023-06-04,121.12
419,EPOD006,Delhi,2023-06-04,184.44
420,EPOD007,Delhi,2023-06-04,130.44
421,EPOD008,Noida,2023-06-04,117.13
422,EPOD009,Gurugram,2023-06-04,201.4
423,EPOD010,Gurugram,2023-06-04,74.73
424,EPOD011,Gurugram,2023-06-04,159.18
425,EPOD012,Gurugram,2023-06-04,0
428,EPOD001,Noida,2023-06-05,211.1
429,EPOD002,Noida,2023-06-05,88.55
430,EPOD003,Noida,2023-06-05,139.78
431,EPOD004,Noida,2023-06-05,77.33
432,EPOD005,Gurugram,2023-06-05,169.64
433,EPOD006,Delhi,2023-06-05,243.32
434,EPOD007,Delhi,2023-06-05,183.21
435,EPOD008,Noida,2023-06-05,133.8
436,EPOD009,Gurugram,2023-06-05,122.4
437,EPOD010,Gurugram,2023-06-05,107.2
438,EPOD011,Gurugram,2023-06-05,101.71
439,EPOD012,Gurugram,2023-06-05,0
442,EPOD001,Noida,2023-06-06,126.66
443,EPOD002,Noida,2023-06-06,149.65
444,EPOD003,Noida,2023-06-06,164.02
445,EPOD004,Noida,2023-06-06,219.4
446,EPOD005,Gurugram,2023-06-06,140.59
447,EPOD006,Delhi,2023-06-06,230.56
448,EPOD007,Delhi,2023-06-06,271.68
449,EPOD008,Noida,2023-06-06,146.69
450,EPOD009,Gurugram,2023-06-06,108.17
451,EPOD010,Gurugram,2023-06-06,72.34
452,EPOD011,Gurugram,2023-06-06,76.2
453,EPOD012,Gurugram,2023-06-06,0
456,EPOD001,Noida,2023-06-07,129.37
457,EPOD002,Noida,2023-06-07,172.27
458,EPOD003,Noida,2023-06-07,58.9
459,EPOD004,Noida,2023-06-07,172.99
460,EPOD005,Gurugram,2023-06-07,179.55
461,EPOD006,Delhi,2023-06-07,301.49
462,EPOD007,Delhi,2023-06-07,235.18
463,EPOD008,Noida,2023-06-07,107.23
464,EPOD009,Gurugram,2023-06-07,121.61
465,EPOD010,Gurugram,2023-06-07,204.56
466,EPOD011,Gurugram,2023-06-07,113.29
467,EPOD012,Gurugram,2023-06-07,0
470,EPOD001,Noida,2023-06-08,181
471,EPOD002,Noida,2023-06-08,206.89
472,EPOD003,Noida,2023-06-08,35.09
473,EPOD004,Noida,2023-06-08,152.18
474,EPOD005,Gurugram,2023-06-08,135.91
475,EPOD006,Delhi,2023-06-08,249.25
476,EPOD007,Delhi,2023-06-08,194.94
477,EPOD008,Noida,2023-06-08,172.2
478,EPOD009,Gurugram,2023-06-08,162.1
479,EPOD010,Gurugram,2023-06-08,114.33
480,EPOD011,Gurugram,2023-06-08,163.91
481,EPOD012,Gurugram,2023-06-08,0
484,EPOD001,Noida,2023-06-09,149.55
485,EPOD002,Noida,2023-06-09,262.34
486,EPOD003,Noida,2023-06-09,67.36
487,EPOD004,Noida,2023-06-09,109.4
488,EPOD005,Gurugram,2023-06-09,149.45
489,EPOD006,Delhi,2023-06-09,271.23
490,EPOD007,Delhi,2023-06-09,184.47
491,EPOD008,Noida,2023-06-09,201.21
492,EPOD009,Gurugram,2023-06-09,156.61
493,EPOD010,Gurugram,2023-06-09,179.83
494,EPOD011,Gurugram,2023-06-09,169.84
495,EPOD012,Gurugram,2023-06-09,0
498,EPOD001,Noida,2023-06-10,156.02
499,EPOD002,Noida,2023-06-10,197.19
500,EPOD003,Noida,2023-06-10,0.23
501,EPOD004,Noida,2023-06-10,232.41
502,EPOD005,Gurugram,2023-06-10,221.3
503,EPOD006,Delhi,2023-06-10,209.1
504,EPOD007,Delhi,2023-06-10,217.81
505,EPOD008,Noida,2023-06-10,187.61
506,EPOD009,Gurugram,2023-06-10,168.94
507,EPOD010,Gurugram,2023-06-10,103.14
508,EPOD011,Gurugram,2023-06-10,104.97
509,EPOD012,Gurugram,2023-06-10,0
512,EPOD001,Noida,2023-06-11,63.59
513,EPOD002,Noida,2023-06-11,197.8
514,EPOD003,Noida,2023-06-11,18.39
515,EPOD004,Noida,2023-06-11,245.58
516,EPOD005,Gurugram,2023-06-11,221.87
517,EPOD006,Delhi,2023-06-11,198.71
518,EPOD007,Delhi,2023-06-11,182.08
519,EPOD008,Noida,2023-06-11,194.35
520,EPOD009,Gurugram,2023-06-11,191.64
521,EPOD010,Gurugram,2023-06-11,113.56
522,EPOD011,Gurugram,2023-06-11,154.55
523,EPOD012,Gurugram,2023-06-11,0
526,EPOD001,Noida,2023-06-12,95.08
527,EPOD002,Noida,2023-06-12,135
528,EPOD003,Noida,2023-06-12,27.76
529,EPOD004,Noida,2023-06-12,198.05
530,EPOD005,Gurugram,2023-06-12,141.36
531,EPOD006,Delhi,2023-06-12,169.99
532,EPOD007,Delhi,2023-06-12,184.31
533,EPOD008,Noida,2023-06-12,229.14
534,EPOD009,Gurugram,2023-06-12,98.68
535,EPOD010,Gurugram,2023-06-12,101.29
536,EPOD011,Gurugram,2023-06-12,83.24
537,EPOD012,Gurugram,2023-06-12,0
540,EPOD001,Noida,2023-06-13,161.53
541,EPOD002,Noida,2023-06-13,197.26
542,EPOD003,Noida,2023-06-13,0
543,EPOD004,Noida,2023-06-13,184.59
544,EPOD005,Gurugram,2023-06-13,141.82
545,EPOD006,Delhi,2023-06-13,225.62
546,EPOD007,Delhi,2023-06-13,228.17
547,EPOD008,Noida,2023-06-13,147.4
548,EPOD009,Gurugram,2023-06-13,99.58
549,EPOD010,Gurugram,2023-06-13,91.47
550,EPOD011,Gurugram,2023-06-13,123.75
551,EPOD012,Gurugram,2023-06-13,0
554,EPOD001,Noida,2023-06-14,75.52
555,EPOD002,Noida,2023-06-14,128.71
556,EPOD003,Noida,2023-06-14,129.71
557,EPOD004,Noida,2023-06-14,201.07
558,EPOD005,Gurugram,2023-06-14,128.55
559,EPOD006,Delhi,2023-06-14,147.59
560,EPOD007,Delhi,2023-06-14,167.19
561,EPOD008,Noida,2023-06-14,162.22
562,EPOD009,Gurugram,2023-06-14,146.58
563,EPOD010,Gurugram,2023-06-14,156.08
564,EPOD011,Gurugram,2023-06-14,74.91
565,EPOD012,Gurugram,2023-06-14,0
568,EPOD001,Noida,2023-06-15,165.19
569,EPOD002,Noida,2023-06-15,145.8
570,EPOD003,Noida,2023-06-15,130.99
571,EPOD004,Noida,2023-06-15,202.45
572,EPOD005,Gurugram,2023-06-15,92.54
573,EPOD006,Delhi,2023-06-15,177.69
574,EPOD007,Delhi,2023-06-15,234.44
575,EPOD008,Noida,2023-06-15,187.57
576,EPOD009,Gurugram,2023-06-15,101.72
577,EPOD010,Gurugram,2023-06-15,113.2
578,EPOD011,Gurugram,2023-06-15,82.69
579,EPOD012,Gurugram,2023-06-15,0
582,EPOD001,Noida,2023-06-16,96.94
583,EPOD002,Noida,2023-06-16,111.13
584,EPOD003,Noida,2023-06-16,122.29
585,EPOD004,Noida,2023-06-16,202.83
586,EPOD005,Gurugram,2023-06-16,158.87
587,EPOD006,Delhi,2023-06-16,194.24
588,EPOD007,Delhi,2023-06-16,221.96
589,EPOD008,Noida,2023-06-16,167.51
590,EPOD009,Gurugram,2023-06-16,149.67
591,EPOD010,Gurugram,2023-06-16,74.95
592,EPOD011,Gurugram,2023-06-16,88.87
593,EPOD012,Gurugram,2023-06-16,0
596,EPOD001,Noida,2023-06-17,174.05
597,EPOD002,Noida,2023-06-17,93.47
598,EPOD003,Noida,2023-06-17,171.9
599,EPOD004,Noida,2023-06-17,104.17
600,EPOD005,Gurugram,2023-06-17,155.84
601,EPOD006,Delhi,2023-06-17,257.3
602,EPOD007,Delhi,2023-06-17,208.76
603,EPOD008,Noida,2023-06-17,133.55
604,EPOD009,Gurugram,2023-06-17,177.57
605,EPOD010,Gurugram,2023-06-17,159.14
606,EPOD011,Gurugram,2023-06-17,136.59
607,EPOD012,Gurugram,2023-06-17,0
610,EPOD001,Noida,2023-06-18,103.16
611,EPOD002,Noida,2023-06-18,225.87
612,EPOD003,Noida,2023-06-18,86.92
613,EPOD004,Noida,2023-06-18,182.43
614,EPOD005,Gurugram,2023-06-18,154.1
615,EPOD006,Delhi,2023-06-18,184.21
616,EPOD007,Delhi,2023-06-18,272.41
617,EPOD008,Noida,2023-06-18,290.6
618,EPOD009,Gurugram,2023-06-18,174.05
619,EPOD010,Gurugram,2023-06-18,112.32
620,EPOD011,Gurugram,2023-06-18,132.44
621,EPOD012,Gurugram,2023-06-18,0
624,EPOD001,Noida,2023-06-19,148.74
625,EPOD002,Noida,2023-06-19,134.55
626,EPOD003,Noida,2023-06-19,46.12
627,EPOD004,Noida,2023-06-19,170.91
628,EPOD005,Gurugram,2023-06-19,53.96
629,EPOD006,Delhi,2023-06-19,249.99
630,EPOD007,Delhi,2023-06-19,130.52
631,EPOD008,Noida,2023-06-19,181.02
632,EPOD009,Gurugram,2023-06-19,131.91
633,EPOD010,Gurugram,2023-06-19,72.29
634,EPOD011,Gurugram,2023-06-19,60.24
635,EPOD012,Gurugram,2023-06-19,0
638,EPOD001,Noida,2023-06-20,160.46
639,EPOD002,Noida,2023-06-20,138.84
640,EPOD003,Noida,2023-06-20,233.66
641,EPOD004,Noida,2023-06-20,191.93
642,EPOD005,Gurugram,2023-06-20,126.61
643,EPOD006,Delhi,2023-06-20,235.83
644,EPOD007,Delhi,2023-06-20,256.69
645,EPOD008,Noida,2023-06-20,192.9
646,EPOD009,Gurugram,2023-06-20,166.23
647,EPOD010,Gurugram,2023-06-20,136.09
648,EPOD011,Gurugram,2023-06-20,74.51
649,EPOD012,Gurugram,2023-06-20,0
652,EPOD001,Noida,2023-06-21,132.96
653,EPOD002,Noida,2023-06-21,122.25
654,EPOD003,Noida,2023-06-21,154.53
655,EPOD004,Noida,2023-06-21,238.87
656,EPOD005,Gurugram,2023-06-21,91.35
657,EPOD006,Delhi,2023-06-21,163.33
658,EPOD007,Delhi,2023-06-21,304.84
659,EPOD008,Noida,2023-06-21,154.71
660,EPOD009,Gurugram,2023-06-21,76.66
661,EPOD010,Gurugram,2023-06-21,144.52
662,EPOD011,Gurugram,2023-06-21,76.95
663,EPOD012,Gurugram,2023-06-21,0
666,EPOD001,Noida,2023-06-22,181.73
667,EPOD002,Noida,2023-06-22,98.61
668,EPOD003,Noida,2023-06-22,227.93
669,EPOD004,Noida,2023-06-22,224.08
670,EPOD005,Gurugram,2023-06-22,102.51
671,EPOD006,Delhi,2023-06-22,228.05
672,EPOD007,Delhi,2023-06-22,194.66
673,EPOD008,Noida,2023-06-22,139.14
674,EPOD009,Gurugram,2023-06-22,111.36
675,EPOD010,Gurugram,2023-06-22,133.56
676,EPOD011,Gurugram,2023-06-22,131.38
677,EPOD012,Gurugram,2023-06-22,0
680,EPOD001,Noida,2023-06-23,190.63
681,EPOD002,Noida,2023-06-23,130.64
682,EPOD003,Noida,2023-06-23,200.79
683,EPOD004,Noida,2023-06-23,134.49
684,EPOD005,Gurugram,2023-06-23,193.11
685,EPOD006,Delhi,2023-06-23,184.73
686,EPOD007,Delhi,2023-06-23,220.46
687,EPOD008,Noida,2023-06-23,217.84
688,EPOD009,Gurugram,2023-06-23,74.22
689,EPOD010,Gurugram,2023-06-23,133.62
690,EPOD011,Gurugram,2023-06-23,114.91
691,EPOD012,Gurugram,2023-06-23,0
694,EPOD001,Noida,2023-06-24,105.6
695,EPOD002,Noida,2023-06-24,128.27
696,EPOD003,Noida,2023-06-24,228.23
697,EPOD004,Noida,2023-06-24,217.02
698,EPOD005,Gurugram,2023-06-24,116.39
699,EPOD006,Delhi,2023-06-24,150.59
700,EPOD007,Delhi,2023-06-24,184.51
701,EPOD008,Noida,2023-06-24,172.2
702,EPOD009,Gurugram,2023-06-24,153.27
703,EPOD010,Gurugram,2023-06-24,71.34
704,EPOD011,Gurugram,2023-06-24,112.53
705,EPOD012,Gurugram,2023-06-24,0
708,EPOD001,Noida,2023-06-25,82.92
709,EPOD002,Noida,2023-06-25,61.99
710,EPOD003,Noida,2023-06-25,154.1
711,EPOD004,Noida,2023-06-25,144.24
712,EPOD005,Gurugram,2023-06-25,90.15
713,EPOD006,Delhi,2023-06-25,123.05
714,EPOD007,Delhi,2023-06-25,134.16
715,EPOD008,Noida,2023-06-25,202.64
716,EPOD009,Gurugram,2023-06-25,138.18
717,EPOD010,Gurugram,2023-06-25,140.36
718,EPOD011,Gurugram,2023-06-25,121.01
719,EPOD012,Gurugram,2023-06-25,0
722,EPOD001,Noida,2023-06-26,29.89
723,EPOD002,Noida,2023-06-26,41.71
724,EPOD003,Noida,2023-06-26,111.7
725,EPOD004,Noida,2023-06-26,192.54
726,EPOD005,Gurugram,2023-06-26,87.25
727,EPOD006,Delhi,2023-06-26,156
728,EPOD007,Delhi,2023-06-26,192.28
729,EPOD008,Noida,2023-06-26,128.53
730,EPOD009,Gurugram,2023-06-26,129.15
731,EPOD010,Gurugram,2023-06-26,154.43
732,EPOD011,Gurugram,2023-06-26,72.17
733,EPOD012,Gurugram,2023-06-26,0
736,EPOD001,Noida,2023-06-27,190.45
737,EPOD002,Noida,2023-06-27,208.08
738,EPOD003,Noida,2023-06-27,227.41
739,EPOD004,Noida,2023-06-27,160.12
740,EPOD005,Gurugram,2023-06-27,129.72
741,EPOD006,Delhi,2023-06-27,236.68
742,EPOD007,Delhi,2023-06-27,195.96
743,EPOD008,Noida,2023-06-27,117.74
744,EPOD009,Gurugram,2023-06-27,164.18
745,EPOD010,Gurugram,2023-06-27,76.25
746,EPOD011,Gurugram,2023-06-27,123.7
747,EPOD012,Gurugram,2023-06-27,0
750,EPOD001,Noida,2023-06-28,258.84
751,EPOD002,Noida,2023-06-28,177.36
752,EPOD003,Noida,2023-06-28,160.49
753,EPOD004,Noida,2023-06-28,53.89
754,EPOD005,Gurugram,2023-06-28,155.49
755,EPOD006,Delhi,2023-06-28,153.51
756,EPOD007,Delhi,2023-06-28,172.11
757,EPOD008,Noida,2023-06-28,121.55
758,EPOD009,Gurugram,2023-06-28,111.31
759,EPOD010,Gurugram,2023-06-28,130.55
760,EPOD011,Gurugram,2023-06-28,114.43
761,EPOD012,Gurugram,2023-06-28,0
764,EPOD001,Noida,2023-06-29,182.3
765,EPOD002,Noida,2023-06-29,35.89
766,EPOD003,Noida,2023-06-29,190.36
767,EPOD004,Noida,2023-06-29,136.53
768,EPOD005,Gurugram,2023-06-29,117.09
769,EPOD006,Delhi,2023-06-29,195.94
770,EPOD007,Delhi,2023-06-29,181.24
771,EPOD008,Noida,2023-06-29,173.93
772,EPOD009,Gurugram,2023-06-29,73.81
773,EPOD010,Gurugram,2023-06-29,167.42
774,EPOD011,Gurugram,2023-06-29,104.33
775,EPOD012,Gurugram,2023-06-29,0
778,EPOD001,Noida,2023-06-30,164.1
779,EPOD002,Noida,2023-06-30,105.25
780,EPOD003,Noida,2023-06-30,232.15
781,EPOD004,Noida,2023-06-30,31.73
782,EPOD005,Gurugram,2023-06-30,142.36
783,EPOD006,Delhi,2023-06-30,157.72
784,EPOD007,Delhi,2023-06-30,42.34
785,EPOD008,Noida,2023-06-30,200.3
786,EPOD009,Gurugram,2023-06-30,130.15
787,EPOD010,Gurugram,2023-06-30,122.04
788,EPOD011,Gurugram,2023-06-30,144.06
789,EPOD012,Gurugram,2023-06-30,0
